	date	sensorName	time	value	worksession
0	13:12:18	lum	10:08:10	181.0	2
1	13:12:18	temp	10:08:10	23.0	2
2	13:12:18	hum	10:08:10	44.0	2
3	13:12:18	lum	10:08:18	183.0	2
4	13:12:18	temp	10:08:18	23.0	2
5	13:12:18	hum	10:08:18	44.0	2
6	13:12:18	lum	10:08:26	182.0	2
7	13:12:18	temp	10:08:26	23.0	2
8	13:12:18	hum	10:08:26	44.0	2
9	13:12:18	lum	10:08:34	178.0	3
10	13:12:18	temp	10:08:34	23.0	3
11	13:12:18	hum	10:08:34	44.0	3
12	8:1:19	lum	11:20:01	182.0	3
13	8:1:19	temp	11:20:01	23.0	3
14	8:1:19	hum	11:20:01	45.0	3
15	8:1:19	lum	11:20:09	177.0	3
16	8:1:19	temp	11:20:09	23.0	3
17	8:1:19	hum	11:20:09	44.0	3
18	8:1:19	lum	11:20:17	181.0	3
19	8:1:19	temp	11:20:17	23.0	3
20	8:1:19	hum	11:20:17	44.0	3
21	8:1:19	lum	11:20:25	182.0	3
22	8:1:19	temp	11:20:25	23.0	3
23	8:1:19	hum	11:20:25	44.0	3
24	8:1:19	lum	11:20:57	181.0	3
25	8:1:19	temp	11:20:57	23.0	3
26	8:1:19	hum	11:20:57	44.0	3
27	8:1:19	lum	11:21:05	182.0	3
28	8:1:19	temp	11:21:05	23.0	3
29	8:1:19	hum	11:21:05	44.0	3
30	8:1:19	lum	11:21:13	182.0	3
31	8:1:19	temp	11:21:13	23.0	3
32	8:1:19	hum	11:21:13	44.0	3
33	08:01:19	lum	11:21:53	183.0	3
34	08:01:19	temp	11:21:53	23.0	3
35	08:01:19	hum	11:21:53	44.0	3
36	08:01:19	lum	11:22:18	184.0	3
37	08:01:19	temp	11:22:18	23.0	3
38	08:01:19	hum	11:22:18	44.0	3
39	08:01:19	lum	11:22:26	184.0	3
40	08:01:19	temp	11:22:26	23.0	3
41	08:01:19	hum	11:22:26	44.0	3
42	08:01:19	lum	11:23:29	184.0	3
43	08:01:19	temp	11:23:29	23.0	3
44	08:01:19	hum	11:23:29	44.0	3
45	08:01:19	lum	11:23:37	183.0	3
46	08:01:19	temp	11:23:37	23.0	3
47	08:01:19	hum	11:23:37	45.0	3
48	08:01:19	lum	11:23:53	183.0	3
49	08:01:19	temp	11:23:53	23.0	3
50	08:01:19	hum	11:23:53	44.0	3
51	08:01:19	lum	11:24:09	184.0	3
52	08:01:19	temp	11:24:09	23.0	3
53	08:01:19	hum	11:24:09	44.0	3
54	08:01:19	lum	11:24:33	184.0	3
55	08:01:19	temp	11:24:33	23.0	3
56	08:01:19	hum	11:24:33	44.0	3
57	08:01:19	lum	11:25:05	184.0	3
58	08:01:19	temp	11:25:05	23.0	3
59	08:01:19	hum	11:25:05	44.0	3
60	08:01:19	lum	11:25:13	184.0	3
61	08:01:19	temp	11:25:13	23.0	3
62	08:01:19	hum	11:25:13	44.0	3
63	08:01:19	lum	11:26:49	186.0	3
64	08:01:19	temp	11:26:49	23.0	3
65	08:01:19	hum	11:26:49	44.0	3
66	08:01:19	lum	11:26:57	185.0	3
67	08:01:19	temp	11:26:57	23.0	3
68	08:01:19	hum	11:26:57	44.0	3
69	08:01:19	lum	11:27:05	180.0	3
70	08:01:19	temp	11:27:05	23.0	3
71	08:01:19	hum	11:27:05	44.0	3
72	08:01:19	lum	11:27:13	119.0	3
73	08:01:19	temp	11:27:13	23.0	3
74	08:01:19	hum	11:27:13	44.0	3
75	08:01:19	lum	11:27:37	186.0	3
76	08:01:19	temp	11:27:37	23.0	3
77	08:01:19	hum	11:27:37	44.0	3
78	08:01:19	lum	11:28:25	187.0	3
79	08:01:19	temp	11:28:25	23.0	3
80	08:01:19	hum	11:28:25	44.0	3
81	08:01:19	lum	11:28:33	186.0	3
82	08:01:19	temp	11:28:33	23.0	3
83	08:01:19	hum	11:28:33	44.0	3
84	08:01:19	lum	11:28:41	187.0	3
85	08:01:19	temp	11:28:41	23.0	3
86	08:01:19	hum	11:28:41	44.0	3
87	08:01:19	lum	11:28:49	186.0	3
88	08:01:19	temp	11:28:49	23.0	3
89	08:01:19	hum	11:28:49	44.0	3
90	08:01:19	lum	11:29:14	186.0	3
91	08:01:19	temp	11:29:14	23.0	3
92	08:01:19	hum	11:29:14	44.0	3
93	08:01:19	lum	11:29:22	187.0	3
94	08:01:19	temp	11:29:22	23.0	3
95	08:01:19	hum	11:29:22	44.0	3
96	08:01:19	lum	11:29:46	186.0	3
97	08:01:19	temp	11:29:46	23.0	3
98	08:01:19	hum	11:29:46	44.0	3
99	08:01:19	lum	11:29:54	186.0	3
100	08:01:19	temp	11:29:54	23.0	3
101	08:01:19	hum	11:29:54	44.0	3
102	08:01:19	lum	11:30:03	186.0	3
103	08:01:19	temp	11:30:03	23.0	3
104	08:01:19	hum	11:30:03	44.0	3
105	08:01:19	lum	11:32:29	186.0	3
106	08:01:19	temp	11:32:29	23.0	3
107	08:01:19	hum	11:32:29	45.0	3
108	08:01:19	lum	11:32:38	187.0	3
109	08:01:19	temp	11:32:38	23.0	3
110	08:01:19	hum	11:32:38	45.0	3
111	08:01:19	lum	11:32:46	185.0	3
112	08:01:19	temp	11:32:46	23.0	3
113	08:01:19	hum	11:32:46	45.0	3
114	08:01:19	lum	11:33:18	187.0	3
115	08:01:19	temp	11:33:18	23.0	3
116	08:01:19	hum	11:33:18	44.0	3
117	08:01:19	lum	11:33:26	186.0	3
118	08:01:19	temp	11:33:26	23.0	3
119	08:01:19	hum	11:33:26	45.0	3
120	08:01:19	lum	11:33:34	186.0	3
121	08:01:19	temp	11:33:34	23.0	3
122	08:01:19	hum	11:33:34	44.0	3
123	08:01:19	lum	11:33:42	186.0	3
124	08:01:19	temp	11:33:42	23.0	3
125	08:01:19	hum	11:33:42	44.0	3
126	08:01:19	lum	11:33:50	186.0	3
127	08:01:19	temp	11:33:50	23.0	3
128	08:01:19	hum	11:33:50	44.0	3
129	08:01:19	lum	11:33:58	186.0	3
130	08:01:19	temp	11:33:58	23.0	3
131	08:01:19	hum	11:33:58	44.0	3
132	08:01:19	lum	11:34:06	186.0	3
133	08:01:19	temp	11:34:06	23.0	3
134	08:01:19	hum	11:34:06	44.0	3
135	08:01:19	lum	11:35:58	186.0	3
136	08:01:19	temp	11:35:58	23.0	3
137	08:01:19	hum	11:35:58	45.0	3
138	08:01:19	lum	11:36:06	186.0	3
139	08:01:19	temp	11:36:06	23.0	3
140	08:01:19	hum	11:36:06	45.0	3
141	08:01:19	lum	11:37:42	185.0	3
142	08:01:19	temp	11:37:42	23.0	3
143	08:01:19	hum	11:37:42	45.0	3
144	08:01:19	lum	11:37:50	185.0	3
145	08:01:19	temp	11:37:50	23.0	3
146	08:01:19	hum	11:37:50	44.0	3
147	08:01:19	lum	11:37:58	185.0	3
148	08:01:19	temp	11:37:58	23.0	3
149	08:01:19	hum	11:37:58	44.0	3
150	08:01:19	lum	11:38:06	186.0	3
151	08:01:19	temp	11:38:06	23.0	3
152	08:01:19	hum	11:38:06	44.0	3
153	08:01:19	lum	11:38:14	187.0	3
154	08:01:19	temp	11:38:14	23.0	3
155	08:01:19	hum	11:38:14	45.0	3
156	08:01:19	lum	11:38:30	186.0	3
157	08:01:19	temp	11:38:30	23.0	3
158	08:01:19	hum	11:38:30	45.0	3
159	08:01:19	lum	11:38:38	37.0	4
160	08:01:19	temp	11:38:38	23.0	4
161	08:01:19	hum	11:38:38	45.0	4
162	08:01:19	lum	11:38:46	68.0	5
163	08:01:19	temp	11:38:46	23.0	5
164	08:01:19	hum	11:38:46	45.0	5
165	08:01:19	lum	11:38:54	44.0	5
166	08:01:19	temp	11:38:54	23.0	5
167	08:01:19	hum	11:38:54	45.0	5
168	08:01:19	lum	11:39:02	76.0	5
169	08:01:19	temp	11:39:02	23.0	5
170	08:01:19	hum	11:39:02	44.0	5
171	08:01:19	lum	11:41:34	174.0	5
172	08:01:19	temp	11:41:34	23.0	5
173	08:01:19	hum	11:41:34	45.0	5
174	08:01:19	lum	11:41:42	65.0	5
175	08:01:19	temp	11:41:42	23.0	5
176	08:01:19	hum	11:41:42	45.0	5
177	08:01:19	lum	11:41:50	158.0	5
178	08:01:19	temp	11:41:50	23.0	5
179	08:01:19	hum	11:41:50	45.0	5
180	08:01:19	lum	11:41:58	185.0	5
181	08:01:19	temp	11:41:58	23.0	5
182	08:01:19	hum	11:41:58	45.0	5
183	08:01:19	lum	11:42:06	186.0	5
184	08:01:19	temp	11:42:06	23.0	5
185	08:01:19	hum	11:42:06	44.0	5
186	08:01:19	lum	11:42:14	185.0	5
187	08:01:19	temp	11:42:14	23.0	5
188	08:01:19	hum	11:42:14	45.0	5
189	08:01:19	lum	11:42:22	181.0	5
190	08:01:19	temp	11:42:22	23.0	5
191	08:01:19	hum	11:42:22	45.0	5
192	08:01:19	lum	11:42:30	184.0	5
193	08:01:19	temp	11:42:30	23.0	5
194	08:01:19	hum	11:42:30	45.0	5
195	08:01:19	lum	11:42:38	159.0	5
196	08:01:19	temp	11:42:38	23.0	5
197	08:01:19	hum	11:42:38	44.0	5
198	08:01:19	lum	11:42:46	182.0	6
199	08:01:19	temp	11:42:46	23.0	6
200	08:01:19	hum	11:42:46	45.0	6
201	08:01:19	lum	11:42:55	175.0	6
202	08:01:19	temp	11:42:55	23.0	6
203	08:01:19	hum	11:42:55	45.0	6
204	08:01:19	lum	11:43:03	176.0	6
205	08:01:19	temp	11:43:03	23.0	6
206	08:01:19	hum	11:43:03	44.0	6
207	08:01:19	lum	11:43:11	175.0	6
208	08:01:19	temp	11:43:11	23.0	6
209	08:01:19	hum	11:43:11	45.0	6
210	08:01:19	lum	11:43:19	177.0	6
211	08:01:19	temp	11:43:19	23.0	6
212	08:01:19	hum	11:43:19	45.0	6
213	08:01:19	lum	11:43:27	177.0	6
214	08:01:19	temp	11:43:27	23.0	6
215	08:01:19	hum	11:43:27	45.0	6
216	08:01:19	lum	11:43:35	177.0	6
217	08:01:19	temp	11:43:35	23.0	6
218	08:01:19	hum	11:43:35	45.0	6
219	08:01:19	lum	11:43:43	177.0	6
220	08:01:19	temp	11:43:43	23.0	6
221	08:01:19	hum	11:43:43	44.0	6
222	08:01:19	lum	11:23:21	45.0	6
223	08:01:19	temp	11:23:21	18.0	6
224	08:01:19	hum	11:23:21	39.0	6
225	08:01:19	lum	11:23:29	60.0	6
226	08:01:19	temp	11:23:29	18.0	6
227	08:01:19	hum	11:23:29	39.0	6
228	08:01:19	lum	11:23:37	59.0	7
229	08:01:19	temp	11:23:37	18.0	7
230	08:01:19	hum	11:23:37	39.0	7
231	08:01:19	lum	11:23:45	63.0	7
232	08:01:19	temp	11:23:45	18.0	7
233	08:01:19	hum	11:23:45	39.0	7
234	08:01:19	lum	11:23:53	49.0	7
235	08:01:19	temp	11:23:53	18.0	7
236	08:01:19	hum	11:23:53	39.0	7
237	08:01:19	lum	11:24:01	67.0	7
238	08:01:19	temp	11:24:01	18.0	7
239	08:01:19	hum	11:24:01	39.0	7
240	08:01:19	lum	11:24:09	60.0	7
241	08:01:19	temp	11:24:09	18.0	7
242	08:01:19	hum	11:24:09	41.0	7
243	08:01:19	lum	11:24:17	41.0	7
244	08:01:19	temp	11:24:17	18.0	7
245	08:01:19	hum	11:24:17	41.0	7
246	08:01:19	lum	11:24:25	60.0	7
247	08:01:19	temp	11:24:25	18.0	7
248	08:01:19	hum	11:24:25	40.0	7
249	08:01:19	lum	11:24:33	48.0	7
250	08:01:19	temp	11:24:33	18.0	7
251	08:01:19	hum	11:24:33	40.0	7
252	08:01:19	lum	11:24:41	60.0	7
253	08:01:19	temp	11:24:41	18.0	7
254	08:01:19	hum	11:24:41	39.0	7
255	08:01:19	lum	11:24:49	52.0	7
256	08:01:19	temp	11:24:49	18.0	7
257	08:01:19	hum	11:24:49	40.0	7
258	08:01:19	lum	11:24:57	56.0	7
259	08:01:19	temp	11:24:57	18.0	7
260	08:01:19	hum	11:24:57	40.0	7
261	08:01:19	lum	11:25:05	71.0	7
262	08:01:19	temp	11:25:05	18.0	7
263	08:01:19	hum	11:25:05	40.0	7
264	08:01:19	lum	11:25:13	66.0	7
265	08:01:19	temp	11:25:13	18.0	7
266	08:01:19	hum	11:25:13	40.0	7
267	08:01:19	lum	11:25:21	52.0	7
268	08:01:19	temp	11:25:21	18.0	7
269	08:01:19	hum	11:25:21	40.0	7
270	08:01:19	lum	11:25:29	71.0	7
271	08:01:19	temp	11:25:29	18.0	7
272	08:01:19	hum	11:25:29	40.0	7
273	08:01:19	lum	11:25:37	63.0	7
274	08:01:19	temp	11:25:37	18.0	7
275	08:01:19	hum	11:25:37	40.0	7
276	08:01:19	lum	11:25:45	65.0	7
277	08:01:19	temp	11:25:45	18.0	7
278	08:01:19	hum	11:25:45	40.0	7
279	08:01:19	lum	11:25:53	72.0	7
280	08:01:19	temp	11:25:53	18.0	7
281	08:01:19	hum	11:25:53	40.0	7
282	08:01:19	lum	11:26:01	74.0	7
283	08:01:19	temp	11:26:01	18.0	7
284	08:01:19	hum	11:26:01	40.0	7
285	08:01:19	lum	11:26:09	74.0	7
286	08:01:19	temp	11:26:09	18.0	7
287	08:01:19	hum	11:26:09	40.0	7
288	08:01:19	lum	11:26:17	78.0	7
289	08:01:19	temp	11:26:17	18.0	7
290	08:01:19	hum	11:26:17	40.0	7
291	08:01:19	lum	11:27:05	74.0	7
292	08:01:19	temp	11:27:05	18.0	7
293	08:01:19	hum	11:27:05	41.0	7
294	08:01:19	lum	11:27:13	36.0	7
295	08:01:19	temp	11:27:13	18.0	7
296	08:01:19	hum	11:27:13	40.0	7
297	08:01:19	lum	11:27:21	85.0	7
298	08:01:19	temp	11:27:21	18.0	7
299	08:01:19	hum	11:27:21	41.0	7
300	08:01:19	lum	11:27:29	78.0	7
301	08:01:19	temp	11:27:29	18.0	7
302	08:01:19	hum	11:27:29	41.0	7
303	08:01:19	lum	11:27:37	73.0	7
304	08:01:19	temp	11:27:37	18.0	7
305	08:01:19	hum	11:27:37	41.0	7
306	08:01:19	lum	11:27:45	41.0	7
307	08:01:19	temp	11:27:45	18.0	7
308	08:01:19	hum	11:27:45	41.0	7
309	08:01:19	lum	11:27:53	37.0	7
310	08:01:19	temp	11:27:53	18.0	7
311	08:01:19	hum	11:27:53	40.0	7
312	08:01:19	lum	11:28:01	59.0	7
313	08:01:19	temp	11:28:01	18.0	7
314	08:01:19	hum	11:28:01	40.0	7
315	08:01:19	lum	11:28:09	38.0	7
316	08:01:19	temp	11:28:09	18.0	7
317	08:01:19	hum	11:28:09	40.0	7
318	08:01:19	lum	11:28:17	57.0	7
319	08:01:19	temp	11:28:17	18.0	7
320	08:01:19	hum	11:28:17	40.0	7
321	08:01:19	lum	11:28:25	44.0	7
322	08:01:19	temp	11:28:25	18.0	7
323	08:01:19	hum	11:28:25	40.0	7
324	08:01:19	lum	11:28:33	45.0	7
325	08:01:19	temp	11:28:33	18.0	7
326	08:01:19	hum	11:28:33	40.0	7
327	08:01:19	lum	11:28:41	47.0	7
328	08:01:19	temp	11:28:41	18.0	7
329	08:01:19	hum	11:28:41	41.0	7
330	08:01:19	lum	11:28:49	47.0	7
331	08:01:19	temp	11:28:49	18.0	7
332	08:01:19	hum	11:28:49	40.0	7
333	08:01:19	lum	11:28:57	45.0	7
334	08:01:19	temp	11:28:57	18.0	7
335	08:01:19	hum	11:28:57	40.0	7
336	08:01:19	lum	11:29:05	47.0	7
337	08:01:19	temp	11:29:05	18.0	7
338	08:01:19	hum	11:29:05	40.0	7
339	08:01:19	lum	11:29:13	84.0	7
340	08:01:19	temp	11:29:13	18.0	7
341	08:01:19	hum	11:29:13	40.0	7
342	08:01:19	lum	11:29:21	83.0	7
343	08:01:19	temp	11:29:21	18.0	7
344	08:01:19	hum	11:29:21	40.0	7
345	08:01:19	lum	11:29:29	60.0	7
346	08:01:19	temp	11:29:29	18.0	7
347	08:01:19	hum	11:29:29	41.0	7
348	08:01:19	lum	11:29:37	60.0	7
349	08:01:19	temp	11:29:37	18.0	7
350	08:01:19	hum	11:29:37	41.0	7
351	08:01:19	lum	11:29:45	82.0	7
352	08:01:19	temp	11:29:45	18.0	7
353	08:01:19	hum	11:29:45	41.0	7
354	08:01:19	lum	11:29:53	48.0	7
355	08:01:19	temp	11:29:53	18.0	7
356	08:01:19	hum	11:29:53	41.0	7
357	08:01:19	lum	11:30:01	39.0	7
358	08:01:19	temp	11:30:01	18.0	7
359	08:01:19	hum	11:30:01	41.0	7
360	08:01:19	lum	10:15:45	105.0	7
361	08:01:19	temp	10:15:45	19.0	7
362	08:01:19	hum	10:15:45	41.0	7
363	08:01:19	lum	10:15:53	85.0	7
364	08:01:19	temp	10:15:53	19.0	7
365	08:01:19	hum	10:15:53	41.0	7
366	08:01:19	lum	10:16:01	93.0	7
367	08:01:19	temp	10:16:01	19.0	7
368	08:01:19	hum	10:16:01	41.0	7
369	08:01:19	lum	10:16:09	85.0	7
370	08:01:19	temp	10:16:09	19.0	7
371	08:01:19	hum	10:16:09	41.0	7
372	08:01:19	lum	10:16:17	96.0	7
373	08:01:19	temp	10:16:17	19.0	7
374	08:01:19	hum	10:16:17	42.0	7
375	08:01:19	lum	10:16:25	126.0	7
376	08:01:19	temp	10:16:25	19.0	7
377	08:01:19	hum	10:16:25	42.0	7
378	08:01:19	lum	10:16:33	98.0	7
379	08:01:19	temp	10:16:33	19.0	7
380	08:01:19	hum	10:16:33	41.0	7
381	08:01:19	lum	10:16:41	151.0	7
382	08:01:19	temp	10:16:41	19.0	7
383	08:01:19	hum	10:16:41	41.0	7
384	08:01:19	lum	10:16:49	138.0	7
385	08:01:19	temp	10:16:49	19.0	7
386	08:01:19	hum	10:16:49	41.0	7
387	08:01:19	lum	10:16:57	144.0	7
388	08:01:19	temp	10:16:57	19.0	7
389	08:01:19	hum	10:16:57	41.0	7
390	08:01:19	lum	10:17:05	144.0	7
391	08:01:19	temp	10:17:05	19.0	7
392	08:01:19	hum	10:17:05	41.0	7
393	08:01:19	lum	10:17:13	124.0	7
394	08:01:19	temp	10:17:13	19.0	7
395	08:01:19	hum	10:17:13	40.0	7
396	08:01:19	lum	10:17:21	137.0	7
397	08:01:19	temp	10:17:21	19.0	7
398	08:01:19	hum	10:17:21	40.0	7
399	08:01:19	lum	10:17:29	140.0	7
400	08:01:19	temp	10:17:29	19.0	7
401	08:01:19	hum	10:17:29	40.0	7
402	08:01:19	lum	11:02:59	123.0	7
403	08:01:19	temp	11:02:59	21.0	7
404	08:01:19	hum	11:02:59	40.0	7
405	08:01:19	lum	11:03:07	109.0	7
406	08:01:19	temp	11:03:07	21.0	7
407	08:01:19	hum	11:03:07	40.0	7
408	08:01:19	lum	11:03:15	131.0	7
409	08:01:19	temp	11:03:15	21.0	7
410	08:01:19	hum	11:03:15	40.0	7
411	08:01:19	lum	11:03:23	128.0	7
412	08:01:19	temp	11:03:23	21.0	7
413	08:01:19	hum	11:03:23	40.0	7
414	08:01:19	lum	11:03:31	124.0	7
415	08:01:19	temp	11:03:31	21.0	7
416	08:01:19	hum	11:03:31	39.0	7
417	08:01:19	lum	11:03:39	135.0	8
418	08:01:19	temp	11:03:39	21.0	8
419	08:01:19	hum	11:03:39	39.0	8
420	08:01:19	lum	11:03:47	118.0	9
421	08:01:19	temp	11:03:47	21.0	9
422	08:01:19	hum	11:03:47	40.0	9
423	08:01:19	lum	11:03:55	108.0	9
424	08:01:19	temp	11:03:55	21.0	9
425	08:01:19	hum	11:03:55	40.0	9
426	08:01:19	lum	11:04:03	137.0	9
427	08:01:19	temp	11:04:03	21.0	9
428	08:01:19	hum	11:04:03	40.0	9
429	08:01:19	lum	11:04:11	130.0	9
430	08:01:19	temp	11:04:11	21.0	9
431	08:01:19	hum	11:04:11	40.0	9
432	08:01:19	lum	11:04:19	129.0	9
433	08:01:19	temp	11:04:19	21.0	9
434	08:01:19	hum	11:04:19	42.0	9
435	08:01:19	lum	11:04:27	139.0	9
436	08:01:19	temp	11:04:27	21.0	9
437	08:01:19	hum	11:04:27	40.0	9
438	08:01:19	lum	11:04:35	129.0	9
439	08:01:19	temp	11:04:35	21.0	9
440	08:01:19	hum	11:04:35	39.0	9
441	08:01:19	lum	11:04:43	137.0	9
442	08:01:19	temp	11:04:43	21.0	9
443	08:01:19	hum	11:04:43	39.0	9
444	08:01:19	lum	11:04:51	148.0	9
445	08:01:19	temp	11:04:51	21.0	9
446	08:01:19	hum	11:04:51	40.0	9
447	08:01:19	lum	11:04:59	125.0	9
448	08:01:19	temp	11:04:59	21.0	9
449	08:01:19	hum	11:04:59	39.0	9
450	08:01:19	lum	11:05:07	129.0	9
451	08:01:19	temp	11:05:07	21.0	9
452	08:01:19	hum	11:05:07	39.0	9
453	08:01:19	lum	11:05:15	143.0	9
454	08:01:19	temp	11:05:15	21.0	9
455	08:01:19	hum	11:05:15	40.0	9
456	08:01:19	lum	11:05:23	154.0	9
457	08:01:19	temp	11:05:23	21.0	9
458	08:01:19	hum	11:05:23	40.0	9
459	08:01:19	lum	11:05:31	145.0	9
460	08:01:19	temp	11:05:31	21.0	9
461	08:01:19	hum	11:05:31	39.0	9
462	08:01:19	lum	11:05:39	118.0	9
463	08:01:19	temp	11:05:39	21.0	9
464	08:01:19	hum	11:05:39	39.0	9
465	08:01:19	lum	11:05:47	142.0	9
466	08:01:19	temp	11:05:47	21.0	9
467	08:01:19	hum	11:05:47	39.0	9
468	08:01:19	lum	11:05:55	142.0	9
469	08:01:19	temp	11:05:55	21.0	9
470	08:01:19	hum	11:05:55	40.0	9
471	08:01:19	lum	11:06:03	144.0	9
472	08:01:19	temp	11:06:03	21.0	9
473	08:01:19	hum	11:06:03	39.0	9
474	08:01:19	lum	11:06:11	136.0	9
475	08:01:19	temp	11:06:11	21.0	9
476	08:01:19	hum	11:06:11	39.0	9
477	08:01:19	lum	11:06:19	152.0	9
478	08:01:19	temp	11:06:19	21.0	9
479	08:01:19	hum	11:06:19	39.0	9
480	08:01:19	lum	11:06:27	147.0	9
481	08:01:19	temp	11:06:27	21.0	9
482	08:01:19	hum	11:06:27	39.0	9
483	08:01:19	lum	11:06:35	131.0	9
484	08:01:19	temp	11:06:35	21.0	9
485	08:01:19	hum	11:06:35	39.0	9
486	08:01:19	lum	11:06:43	134.0	9
487	08:01:19	temp	11:06:43	21.0	9
488	08:01:19	hum	11:06:43	39.0	9
489	08:01:19	lum	11:06:51	138.0	9
490	08:01:19	temp	11:06:51	21.0	9
491	08:01:19	hum	11:06:51	38.0	9
492	08:01:19	lum	11:06:59	136.0	9
493	08:01:19	temp	11:06:59	21.0	9
494	08:01:19	hum	11:06:59	39.0	9
495	08:01:19	lum	11:07:07	144.0	9
496	08:01:19	temp	11:07:07	21.0	9
497	08:01:19	hum	11:07:07	39.0	9
498	08:01:19	lum	11:07:15	143.0	9
499	08:01:19	temp	11:07:15	21.0	9
500	08:01:19	hum	11:07:15	39.0	9
501	08:01:19	lum	11:07:23	145.0	9
502	08:01:19	temp	11:07:23	21.0	9
503	08:01:19	hum	11:07:23	39.0	9
504	08:01:19	lum	11:07:31	136.0	9
505	08:01:19	temp	11:07:31	21.0	9
506	08:01:19	hum	11:07:31	38.0	9
507	08:01:19	lum	11:07:39	140.0	9
508	08:01:19	temp	11:07:39	21.0	9
509	08:01:19	hum	11:07:39	38.0	9
510	08:01:19	lum	11:07:47	148.0	9
511	08:01:19	temp	11:07:47	21.0	9
512	08:01:19	hum	11:07:47	39.0	9
513	08:01:19	lum	11:07:55	152.0	9
514	08:01:19	temp	11:07:55	21.0	9
515	08:01:19	hum	11:07:55	39.0	9
516	08:01:19	lum	11:08:03	145.0	9
517	08:01:19	temp	11:08:03	21.0	9
518	08:01:19	hum	11:08:03	39.0	9
519	08:01:19	lum	11:08:11	151.0	9
520	08:01:19	temp	11:08:11	21.0	9
521	08:01:19	hum	11:08:11	39.0	9
522	08:01:19	lum	11:08:19	152.0	9
523	08:01:19	temp	11:08:19	21.0	9
524	08:01:19	hum	11:08:19	39.0	9
525	08:01:19	lum	11:08:27	141.0	9
526	08:01:19	temp	11:08:27	21.0	9
527	08:01:19	hum	11:08:27	39.0	9
528	08:01:19	lum	11:08:35	149.0	9
529	08:01:19	temp	11:08:35	21.0	9
530	08:01:19	hum	11:08:35	39.0	9
531	08:01:19	lum	11:08:43	159.0	9
532	08:01:19	temp	11:08:43	21.0	9
533	08:01:19	hum	11:08:43	40.0	9
534	08:01:19	lum	11:08:51	151.0	9
535	08:01:19	temp	11:08:51	21.0	9
536	08:01:19	hum	11:08:51	40.0	9
537	08:01:19	lum	11:08:59	166.0	9
538	08:01:19	temp	11:08:59	21.0	9
539	08:01:19	hum	11:08:59	40.0	9
540	08:01:19	lum	11:09:07	160.0	9
541	08:01:19	temp	11:09:07	21.0	9
542	08:01:19	hum	11:09:07	39.0	9
543	08:01:19	lum	11:09:15	167.0	9
544	08:01:19	temp	11:09:15	21.0	9
545	08:01:19	hum	11:09:15	39.0	9
546	08:01:19	lum	11:09:23	150.0	9
547	08:01:19	temp	11:09:23	21.0	9
548	08:01:19	hum	11:09:23	39.0	9
549	08:01:19	lum	11:09:31	156.0	9
550	08:01:19	temp	11:09:31	21.0	9
551	08:01:19	hum	11:09:31	39.0	9
552	08:01:19	lum	11:09:39	144.0	9
553	08:01:19	temp	11:09:39	21.0	9
554	08:01:19	hum	11:09:39	39.0	9
555	08:01:19	lum	11:09:47	155.0	9
556	08:01:19	temp	11:09:47	21.0	9
557	08:01:19	hum	11:09:47	39.0	9
558	08:01:19	lum	11:09:55	125.0	9
559	08:01:19	temp	11:09:55	21.0	9
560	08:01:19	hum	11:09:55	39.0	9
561	08:01:19	lum	11:10:03	124.0	9
562	08:01:19	temp	11:10:03	21.0	9
563	08:01:19	hum	11:10:03	39.0	9
564	08:01:19	lum	11:10:11	130.0	9
565	08:01:19	temp	11:10:11	21.0	9
566	08:01:19	hum	11:10:11	39.0	9
567	08:01:19	lum	11:10:19	133.0	9
568	08:01:19	temp	11:10:19	21.0	9
569	08:01:19	hum	11:10:19	39.0	9
570	08:01:19	lum	11:10:27	164.0	9
571	08:01:19	temp	11:10:27	21.0	9
572	08:01:19	hum	11:10:27	39.0	9
573	08:01:19	lum	11:10:35	159.0	9
574	08:01:19	temp	11:10:35	21.0	9
575	08:01:19	hum	11:10:35	39.0	9
576	08:01:19	lum	11:10:43	163.0	9
577	08:01:19	temp	11:10:43	21.0	9
578	08:01:19	hum	11:10:43	39.0	9
579	08:01:19	lum	11:10:51	47.0	9
580	08:01:19	temp	11:10:51	21.0	9
581	08:01:19	hum	11:10:51	39.0	9
582	08:01:19	lum	11:10:59	22.0	9
583	08:01:19	temp	11:10:59	21.0	9
584	08:01:19	hum	11:10:59	38.0	9
585	08:01:19	lum	11:11:07	156.0	9
586	08:01:19	temp	11:11:07	21.0	9
587	08:01:19	hum	11:11:07	39.0	9
588	08:01:19	lum	11:11:15	151.0	9
589	08:01:19	temp	11:11:15	21.0	9
590	08:01:19	hum	11:11:15	40.0	9
591	08:01:19	lum	11:11:23	146.0	9
592	08:01:19	temp	11:11:23	21.0	9
593	08:01:19	hum	11:11:23	40.0	9
594	08:01:19	lum	11:11:31	133.0	9
595	08:01:19	temp	11:11:31	21.0	9
596	08:01:19	hum	11:11:31	39.0	9
597	08:01:19	lum	11:11:39	137.0	9
598	08:01:19	temp	11:11:39	21.0	9
599	08:01:19	hum	11:11:39	39.0	9
600	08:01:19	lum	11:11:47	124.0	9
601	08:01:19	temp	11:11:47	21.0	9
602	08:01:19	hum	11:11:47	40.0	9
603	08:01:19	lum	11:11:55	150.0	9
604	08:01:19	temp	11:11:55	21.0	9
605	08:01:19	hum	11:11:55	40.0	9
606	08:01:19	lum	11:12:03	148.0	9
607	08:01:19	temp	11:12:03	21.0	9
608	08:01:19	hum	11:12:03	40.0	9
609	08:01:19	lum	11:12:11	73.0	9
610	08:01:19	temp	11:12:11	21.0	9
611	08:01:19	hum	11:12:11	42.0	9
612	08:01:19	lum	11:12:19	72.0	9
613	08:01:19	temp	11:12:19	21.0	9
614	08:01:19	hum	11:12:19	41.0	9
615	08:01:19	lum	11:12:27	167.0	9
616	08:01:19	temp	11:12:27	21.0	9
617	08:01:19	hum	11:12:27	41.0	9
618	08:01:19	lum	11:12:35	152.0	9
619	08:01:19	temp	11:12:35	21.0	9
620	08:01:19	hum	11:12:35	41.0	9
621	08:01:19	lum	11:12:43	133.0	9
622	08:01:19	temp	11:12:43	21.0	9
623	08:01:19	hum	11:12:43	41.0	9
624	08:01:19	lum	11:12:51	154.0	9
625	08:01:19	temp	11:12:51	21.0	9
626	08:01:19	hum	11:12:51	41.0	9
627	08:01:19	lum	11:12:59	160.0	9
628	08:01:19	temp	11:12:59	21.0	9
629	08:01:19	hum	11:12:59	40.0	9
630	08:01:19	lum	11:13:07	141.0	9
631	08:01:19	temp	11:13:07	21.0	9
632	08:01:19	hum	11:13:07	40.0	9
633	08:01:19	lum	11:13:15	146.0	9
634	08:01:19	temp	11:13:15	21.0	9
635	08:01:19	hum	11:13:15	40.0	9
636	08:01:19	lum	11:13:23	88.0	9
637	08:01:19	temp	11:13:23	21.0	9
638	08:01:19	hum	11:13:23	39.0	9
639	08:01:19	lum	11:13:31	140.0	9
640	08:01:19	temp	11:13:31	21.0	9
641	08:01:19	hum	11:13:31	39.0	9
642	08:01:19	lum	11:13:39	154.0	9
643	08:01:19	temp	11:13:39	21.0	9
644	08:01:19	hum	11:13:39	39.0	9
645	08:01:19	lum	11:13:47	159.0	9
646	08:01:19	temp	11:13:47	21.0	9
647	08:01:19	hum	11:13:47	39.0	9
648	08:01:19	lum	11:13:55	157.0	9
649	08:01:19	temp	11:13:55	21.0	9
650	08:01:19	hum	11:13:55	39.0	9
651	08:01:19	lum	11:14:03	148.0	9
652	08:01:19	temp	11:14:03	21.0	9
653	08:01:19	hum	11:14:03	39.0	9
654	08:01:19	lum	11:14:11	160.0	9
655	08:01:19	temp	11:14:11	21.0	9
656	08:01:19	hum	11:14:11	40.0	9
657	08:01:19	lum	11:14:19	138.0	9
658	08:01:19	temp	11:14:19	21.0	9
659	08:01:19	hum	11:14:19	40.0	9
660	08:01:19	lum	11:14:27	170.0	9
661	08:01:19	temp	11:14:27	21.0	9
662	08:01:19	hum	11:14:27	40.0	9
663	08:01:19	lum	11:14:35	162.0	9
664	08:01:19	temp	11:14:35	21.0	9
665	08:01:19	hum	11:14:35	39.0	9
666	08:01:19	lum	11:14:43	159.0	9
667	08:01:19	temp	11:14:43	21.0	9
668	08:01:19	hum	11:14:43	39.0	9
669	08:01:19	lum	11:14:51	109.0	9
670	08:01:19	temp	11:14:51	21.0	9
671	08:01:19	hum	11:14:51	39.0	9
672	08:01:19	lum	11:14:59	167.0	9
673	08:01:19	temp	11:14:59	21.0	9
674	08:01:19	hum	11:14:59	39.0	9
675	08:01:19	lum	11:15:07	155.0	9
676	08:01:19	temp	11:15:07	21.0	9
677	08:01:19	hum	11:15:07	40.0	9
678	08:01:19	lum	11:15:15	145.0	9
679	08:01:19	temp	11:15:15	21.0	9
680	08:01:19	hum	11:15:15	40.0	9
681	08:01:19	lum	11:15:23	154.0	9
682	08:01:19	temp	11:15:23	21.0	9
683	08:01:19	hum	11:15:23	39.0	9
684	08:01:19	lum	11:15:31	146.0	9
685	08:01:19	temp	11:15:31	21.0	9
686	08:01:19	hum	11:15:31	39.0	9
687	08:01:19	lum	11:15:39	89.0	9
688	08:01:19	temp	11:15:39	21.0	9
689	08:01:19	hum	11:15:39	39.0	9
690	08:01:19	lum	11:15:47	164.0	9
691	08:01:19	temp	11:15:47	21.0	9
692	08:01:19	hum	11:15:47	40.0	9
693	08:01:19	lum	11:15:55	160.0	9
694	08:01:19	temp	11:15:55	21.0	9
695	08:01:19	hum	11:15:55	40.0	9
696	08:01:19	lum	11:16:03	156.0	9
697	08:01:19	temp	11:16:03	21.0	9
698	08:01:19	hum	11:16:03	39.0	9
699	08:01:19	lum	11:16:11	160.0	9
700	08:01:19	temp	11:16:11	21.0	9
701	08:01:19	hum	11:16:11	39.0	9
702	08:01:19	lum	11:16:19	159.0	9
703	08:01:19	temp	11:16:19	21.0	9
704	08:01:19	hum	11:16:19	39.0	9
705	08:01:19	lum	11:16:27	166.0	9
706	08:01:19	temp	11:16:27	21.0	9
707	08:01:19	hum	11:16:27	39.0	9
708	08:01:19	lum	11:16:35	156.0	9
709	08:01:19	temp	11:16:35	21.0	9
710	08:01:19	hum	11:16:35	39.0	9
711	08:01:19	lum	11:16:43	160.0	9
712	08:01:19	temp	11:16:43	21.0	9
713	08:01:19	hum	11:16:43	40.0	9
714	08:01:19	lum	11:16:51	163.0	9
715	08:01:19	temp	11:16:51	21.0	9
716	08:01:19	hum	11:16:51	40.0	9
717	08:01:19	lum	11:16:59	139.0	9
718	08:01:19	temp	11:16:59	21.0	9
719	08:01:19	hum	11:16:59	40.0	9
720	08:01:19	lum	11:17:07	164.0	9
721	08:01:19	temp	11:17:07	21.0	9
722	08:01:19	hum	11:17:07	39.0	9
723	08:01:19	lum	11:17:15	154.0	9
724	08:01:19	temp	11:17:15	21.0	9
725	08:01:19	hum	11:17:15	39.0	9
726	08:01:19	lum	11:17:23	163.0	9
727	08:01:19	temp	11:17:23	21.0	9
728	08:01:19	hum	11:17:23	39.0	9
729	08:01:19	lum	11:17:31	163.0	9
730	08:01:19	temp	11:17:31	21.0	9
731	08:01:19	hum	11:17:31	40.0	9
732	08:01:19	lum	11:17:39	170.0	9
733	08:01:19	temp	11:17:39	21.0	9
734	08:01:19	hum	11:17:39	40.0	9
735	08:01:19	lum	11:17:47	171.0	9
736	08:01:19	temp	11:17:47	21.0	9
737	08:01:19	hum	11:17:47	40.0	9
738	08:01:19	lum	11:17:55	170.0	9
739	08:01:19	temp	11:17:55	21.0	9
740	08:01:19	hum	11:17:55	40.0	9
741	08:01:19	lum	11:18:03	134.0	9
742	08:01:19	temp	11:18:03	21.0	9
743	08:01:19	hum	11:18:03	39.0	9
744	08:01:19	lum	11:18:11	156.0	9
745	08:01:19	temp	11:18:11	21.0	9
746	08:01:19	hum	11:18:11	39.0	9
747	08:01:19	lum	11:18:19	166.0	9
748	08:01:19	temp	11:18:19	21.0	9
749	08:01:19	hum	11:18:19	40.0	9
750	08:01:19	lum	11:18:27	168.0	9
751	08:01:19	temp	11:18:27	21.0	9
752	08:01:19	hum	11:18:27	40.0	9
753	08:01:19	lum	11:18:35	146.0	9
754	08:01:19	temp	11:18:35	21.0	9
755	08:01:19	hum	11:18:35	40.0	9
756	08:01:19	lum	11:54:57	79.0	9
757	08:01:19	temp	11:54:57	21.0	9
758	08:01:19	hum	11:54:57	39.0	9
759	08:01:19	lum	11:55:05	112.0	9
760	08:01:19	temp	11:55:05	21.0	9
761	08:01:19	hum	11:55:05	39.0	9
762	08:01:19	lum	11:55:13	124.0	9
763	08:01:19	temp	11:55:13	21.0	9
764	08:01:19	hum	11:55:13	39.0	9
765	08:01:19	lum	11:55:21	122.0	9
766	08:01:19	temp	11:55:21	21.0	9
767	08:01:19	hum	11:55:21	39.0	9
768	08:01:19	lum	11:55:29	114.0	9
769	08:01:19	temp	11:55:29	21.0	9
770	08:01:19	hum	11:55:29	39.0	9
771	08:01:19	lum	11:55:37	108.0	10
772	08:01:19	temp	11:55:37	21.0	10
773	08:01:19	hum	11:55:37	40.0	10
774	08:01:19	lum	11:55:45	117.0	11
775	08:01:19	temp	11:55:45	21.0	11
776	08:01:19	hum	11:55:45	40.0	11
777	08:01:19	lum	11:55:53	135.0	12
778	08:01:19	temp	11:55:53	21.0	12
779	08:01:19	hum	11:55:53	39.0	12
780	08:01:19	lum	11:56:01	100.0	12
781	08:01:19	temp	11:56:01	21.0	12
782	08:01:19	hum	11:56:01	39.0	12
783	08:01:19	lum	11:56:09	135.0	12
784	08:01:19	temp	11:56:09	21.0	12
785	08:01:19	hum	11:56:09	39.0	12
786	08:01:19	lum	11:56:16	128.0	12
787	08:01:19	temp	11:56:16	21.0	12
788	08:01:19	hum	11:56:16	39.0	12
789	08:01:19	lum	11:56:24	102.0	12
790	08:01:19	temp	11:56:24	21.0	12
791	08:01:19	hum	11:56:24	39.0	12
792	08:01:19	lum	11:56:32	90.0	12
793	08:01:19	temp	11:56:32	21.0	12
794	08:01:19	hum	11:56:32	38.0	12
795	08:01:19	lum	11:56:40	84.0	12
796	08:01:19	temp	11:56:40	21.0	12
797	08:01:19	hum	11:56:40	39.0	12
798	08:01:19	lum	11:56:48	95.0	12
799	08:01:19	temp	11:56:48	21.0	12
800	08:01:19	hum	11:56:48	38.0	12
801	08:01:19	lum	11:56:56	106.0	12
802	08:01:19	temp	11:56:56	21.0	12
803	08:01:19	hum	11:56:56	38.0	12
804	08:01:19	lum	11:57:04	116.0	12
805	08:01:19	temp	11:57:04	21.0	12
806	08:01:19	hum	11:57:04	38.0	12
807	08:01:19	lum	11:57:12	70.0	12
808	08:01:19	temp	11:57:12	21.0	12
809	08:01:19	hum	11:57:12	39.0	12
810	08:01:19	lum	11:57:20	74.0	12
811	08:01:19	temp	11:57:20	21.0	12
812	08:01:19	hum	11:57:20	41.0	12
813	08:01:19	lum	11:57:28	77.0	12
814	08:01:19	temp	11:57:28	21.0	12
815	08:01:19	hum	11:57:28	40.0	12
816	08:01:19	lum	11:57:36	124.0	12
817	08:01:19	temp	11:57:36	21.0	12
818	08:01:19	hum	11:57:36	38.0	12
819	08:01:19	lum	11:57:44	84.0	12
820	08:01:19	temp	11:57:44	21.0	12
821	08:01:19	hum	11:57:44	38.0	12
822	08:01:19	lum	11:57:52	113.0	12
823	08:01:19	temp	11:57:52	21.0	12
824	08:01:19	hum	11:57:52	38.0	12
825	08:01:19	lum	11:58:00	135.0	12
826	08:01:19	temp	11:58:00	21.0	12
827	08:01:19	hum	11:58:00	38.0	12
828	08:01:19	lum	11:58:08	129.0	12
829	08:01:19	temp	11:58:08	21.0	12
830	08:01:19	hum	11:58:08	38.0	12
831	08:01:19	lum	11:58:16	110.0	12
832	08:01:19	temp	11:58:16	21.0	12
833	08:01:19	hum	11:58:16	39.0	12
834	08:01:19	lum	11:58:24	126.0	12
835	08:01:19	temp	11:58:24	21.0	12
836	08:01:19	hum	11:58:24	38.0	12
837	08:01:19	lum	11:58:32	160.0	12
838	08:01:19	temp	11:58:32	22.0	12
839	08:01:19	hum	11:58:32	38.0	12
840	08:01:19	lum	11:58:40	164.0	12
841	08:01:19	temp	11:58:40	21.0	12
842	08:01:19	hum	11:58:40	37.0	12
843	08:01:19	lum	11:58:48	130.0	12
844	08:01:19	temp	11:58:48	21.0	12
845	08:01:19	hum	11:58:48	37.0	12
846	21:01:19	lum	16:55:04	484.0	12
847	21:01:19	temp	16:55:04	24.0	12
848	21:01:19	hum	16:55:04	38.0	12
849	21:01:19	lum	16:55:12	480.0	12
850	21:01:19	temp	16:55:12	24.0	12
851	21:01:19	hum	16:55:12	38.0	12
852	21:01:19	lum	16:55:20	494.0	12
853	21:01:19	temp	16:55:20	24.0	12
854	21:01:19	hum	16:55:20	38.0	12
855	21:01:19	lum	16:55:28	494.0	12
856	21:01:19	temp	16:55:28	24.0	12
857	21:01:19	hum	16:55:28	38.0	12
858	21:01:19	lum	16:55:36	502.0	12
859	21:01:19	temp	16:55:36	24.0	12
860	21:01:19	hum	16:55:36	38.0	12
861	21:01:19	lum	16:55:44	484.0	12
862	21:01:19	temp	16:55:44	24.0	12
863	21:01:19	hum	16:55:44	38.0	12
864	21:01:19	lum	16:55:52	493.0	13
865	21:01:19	temp	16:55:52	24.0	13
866	21:01:19	hum	16:55:52	39.0	13
867	21:01:19	lum	16:56:00	499.0	13
868	21:01:19	temp	16:56:00	24.0	13
869	21:01:19	hum	16:56:00	39.0	13
870	21:01:19	lum	16:56:08	496.0	13
871	21:01:19	temp	16:56:08	24.0	13
872	21:01:19	hum	16:56:08	39.0	13
873	21:01:19	lum	16:56:16	491.0	13
874	21:01:19	temp	16:56:16	24.0	13
875	21:01:19	hum	16:56:16	39.0	13
876	21:01:19	lum	16:56:24	495.0	13
877	21:01:19	temp	16:56:24	24.0	13
878	21:01:19	hum	16:56:24	38.0	13
879	21:01:19	lum	16:56:32	497.0	13
880	21:01:19	temp	16:56:32	24.0	13
881	21:01:19	hum	16:56:32	38.0	13
882	21:01:19	lum	16:56:40	494.0	13
883	21:01:19	temp	16:56:40	24.0	13
884	21:01:19	hum	16:56:40	38.0	13
885	21:01:19	lum	16:56:48	475.0	13
886	21:01:19	temp	16:56:48	24.0	13
887	21:01:19	hum	16:56:48	38.0	13
888	21:01:19	lum	16:56:56	500.0	13
889	21:01:19	temp	16:56:56	24.0	13
890	21:01:19	hum	16:56:56	39.0	13
891	21:01:19	lum	16:57:04	491.0	13
892	21:01:19	temp	16:57:04	24.0	13
893	21:01:19	hum	16:57:04	39.0	13
894	21:01:19	lum	16:57:12	498.0	13
895	21:01:19	temp	16:57:12	24.0	13
896	21:01:19	hum	16:57:12	39.0	13
897	21:01:19	lum	16:57:20	491.0	13
898	21:01:19	temp	16:57:20	24.0	13
899	21:01:19	hum	16:57:20	39.0	13
900	21:01:19	lum	16:57:28	499.0	13
901	21:01:19	temp	16:57:28	24.0	13
902	21:01:19	hum	16:57:28	39.0	13
903	21:01:19	lum	16:57:36	497.0	13
904	21:01:19	temp	16:57:36	24.0	13
905	21:01:19	hum	16:57:36	39.0	13
906	21:01:19	lum	16:57:44	495.0	13
907	21:01:19	temp	16:57:44	24.0	13
908	21:01:19	hum	16:57:44	39.0	13
909	21:01:19	lum	16:57:52	495.0	13
910	21:01:19	temp	16:57:52	24.0	13
911	21:01:19	hum	16:57:52	39.0	13
912	21:01:19	lum	16:58:00	496.0	13
913	21:01:19	temp	16:58:00	24.0	13
914	21:01:19	hum	16:58:00	39.0	13
915	21:01:19	lum	16:58:08	485.0	13
916	21:01:19	temp	16:58:08	24.0	13
917	21:01:19	hum	16:58:08	39.0	13
918	21:01:19	lum	16:58:16	485.0	13
919	21:01:19	temp	16:58:16	24.0	13
920	21:01:19	hum	16:58:16	39.0	13
921	21:01:19	lum	16:58:24	497.0	13
922	21:01:19	temp	16:58:24	24.0	13
923	21:01:19	hum	16:58:24	39.0	13
924	21:01:19	lum	16:58:32	499.0	13
925	21:01:19	temp	16:58:32	24.0	13
926	21:01:19	hum	16:58:32	39.0	13
927	21:01:19	lum	16:58:40	497.0	13
928	21:01:19	temp	16:58:40	24.0	13
929	21:01:19	hum	16:58:40	41.0	13
930	21:01:19	lum	16:58:48	494.0	13
931	21:01:19	temp	16:58:48	24.0	13
932	21:01:19	hum	16:58:48	42.0	13
933	21:01:19	lum	16:58:56	493.0	13
934	21:01:19	temp	16:58:56	24.0	13
935	21:01:19	hum	16:58:56	40.0	13
936	21:01:19	lum	16:59:04	490.0	13
937	21:01:19	temp	16:59:04	24.0	13
938	21:01:19	hum	16:59:04	39.0	13
939	21:01:19	lum	16:59:12	492.0	13
940	21:01:19	temp	16:59:12	24.0	13
941	21:01:19	hum	16:59:12	39.0	13
942	21:01:19	lum	16:59:20	494.0	13
943	21:01:19	temp	16:59:20	24.0	13
944	21:01:19	hum	16:59:20	39.0	13
945	21:01:19	lum	16:59:28	492.0	13
946	21:01:19	temp	16:59:28	24.0	13
947	21:01:19	hum	16:59:28	39.0	13
948	21:01:19	lum	16:59:36	491.0	13
949	21:01:19	temp	16:59:36	24.0	13
950	21:01:19	hum	16:59:36	39.0	13
951	21:01:19	lum	16:59:44	497.0	13
952	21:01:19	temp	16:59:44	24.0	13
953	21:01:19	hum	16:59:44	39.0	13
954	21:01:19	lum	16:59:52	493.0	13
955	21:01:19	temp	16:59:52	24.0	13
956	21:01:19	hum	16:59:52	39.0	13
957	21:01:19	lum	17:00:00	495.0	13
958	21:01:19	temp	17:00:00	24.0	13
959	21:01:19	hum	17:00:00	39.0	13
960	21:01:19	lum	17:00:08	493.0	13
961	21:01:19	temp	17:00:08	24.0	13
962	21:01:19	hum	17:00:08	39.0	13
963	21:01:19	lum	17:00:16	491.0	13
964	21:01:19	temp	17:00:16	24.0	13
965	21:01:19	hum	17:00:16	39.0	13
966	21:01:19	lum	17:00:24	493.0	13
967	21:01:19	temp	17:00:24	24.0	13
968	21:01:19	hum	17:00:24	38.0	13
969	21:01:19	lum	17:00:32	494.0	13
970	21:01:19	temp	17:00:32	24.0	13
971	21:01:19	hum	17:00:32	38.0	13
972	21:01:19	lum	17:00:40	499.0	13
973	21:01:19	temp	17:00:40	24.0	13
974	21:01:19	hum	17:00:40	38.0	13
975	21:01:19	lum	17:00:48	496.0	13
976	21:01:19	temp	17:00:48	24.0	13
977	21:01:19	hum	17:00:48	38.0	13
978	21:01:19	lum	17:00:56	494.0	13
979	21:01:19	temp	17:00:56	24.0	13
980	21:01:19	hum	17:00:56	38.0	13
981	21:01:19	lum	17:01:04	482.0	13
982	21:01:19	temp	17:01:04	24.0	13
983	21:01:19	hum	17:01:04	38.0	13
984	21:01:19	lum	17:01:12	492.0	13
985	21:01:19	temp	17:01:12	24.0	13
986	21:01:19	hum	17:01:12	38.0	13
987	21:01:19	lum	17:01:20	497.0	13
988	21:01:19	temp	17:01:20	24.0	13
989	21:01:19	hum	17:01:20	38.0	13
990	21:01:19	lum	17:01:28	498.0	13
991	21:01:19	temp	17:01:28	24.0	13
992	21:01:19	hum	17:01:28	39.0	13
993	21:01:19	lum	17:01:36	494.0	13
994	21:01:19	temp	17:01:36	24.0	13
995	21:01:19	hum	17:01:36	39.0	13
996	21:01:19	lum	17:01:44	492.0	13
997	21:01:19	temp	17:01:44	24.0	13
998	21:01:19	hum	17:01:44	38.0	13
999	21:01:19	lum	17:01:52	493.0	13
1000	21:01:19	temp	17:01:52	24.0	13
1001	21:01:19	hum	17:01:52	38.0	13
1002	21:01:19	lum	17:02:00	484.0	13
1003	21:01:19	temp	17:02:00	24.0	13
1004	21:01:19	hum	17:02:00	38.0	13
1005	21:01:19	lum	17:02:08	492.0	13
1006	21:01:19	temp	17:02:08	24.0	13
1007	21:01:19	hum	17:02:08	38.0	13
1008	21:01:19	lum	17:02:16	495.0	13
1009	21:01:19	temp	17:02:16	24.0	13
1010	21:01:19	hum	17:02:16	39.0	13
1011	21:01:19	lum	17:02:24	490.0	13
1012	21:01:19	temp	17:02:24	24.0	13
1013	21:01:19	hum	17:02:24	38.0	13
1014	21:01:19	lum	17:02:32	493.0	13
1015	21:01:19	temp	17:02:32	24.0	13
1016	21:01:19	hum	17:02:32	38.0	13
1017	21:01:19	lum	17:02:40	493.0	13
1018	21:01:19	temp	17:02:40	24.0	13
1019	21:01:19	hum	17:02:40	38.0	13
1020	21:01:19	lum	17:02:48	496.0	13
1021	21:01:19	temp	17:02:48	24.0	13
1022	21:01:19	hum	17:02:48	38.0	13
1023	21:01:19	lum	17:02:56	502.0	13
1024	21:01:19	temp	17:02:56	24.0	13
1025	21:01:19	hum	17:02:56	38.0	13
1026	21:01:19	lum	17:03:04	494.0	13
1027	21:01:19	temp	17:03:04	24.0	13
1028	21:01:19	hum	17:03:04	44.0	13
1029	21:01:19	lum	17:03:12	500.0	13
1030	21:01:19	temp	17:03:12	24.0	13
1031	21:01:19	hum	17:03:12	41.0	13
1032	21:01:19	lum	17:03:20	496.0	13
1033	21:01:19	temp	17:03:20	24.0	13
1034	21:01:19	hum	17:03:20	40.0	13
1035	21:01:19	lum	17:03:28	493.0	13
1036	21:01:19	temp	17:03:28	24.0	13
1037	21:01:19	hum	17:03:28	39.0	13
1038	21:01:19	lum	17:03:36	488.0	13
1039	21:01:19	temp	17:03:36	24.0	13
1040	21:01:19	hum	17:03:36	39.0	13
1041	21:01:19	lum	17:03:44	497.0	13
1042	21:01:19	temp	17:03:44	24.0	13
1043	21:01:19	hum	17:03:44	39.0	13
1044	21:01:19	lum	17:03:52	498.0	13
1045	21:01:19	temp	17:03:52	24.0	13
1046	21:01:19	hum	17:03:52	38.0	13
1047	21:01:19	lum	17:04:00	497.0	13
1048	21:01:19	temp	17:04:00	24.0	13
1049	21:01:19	hum	17:04:00	38.0	13
